"name","id","Con","Green","Lab","LibDem","Plaid","SNP","UKIP","Win","Second"
"Aberavon","W07000049",3742,711,15416,1397,3663,0,4971,"Labour","UKIP"
"Aberconwy","W07000058",12513,727,8514,1391,3536,0,3467,"Conservative","Labour"
"Aberdeen North","S14000001",5304,0,11397,2050,0,24793,0,"Scottish National Party","Labour"
"Aberdeenshire West & Kincardine","S14000058",15916,885,2487,11812,0,22949,1006,"Scottish National Party","Conservative"
"Aberdeen South","S14000002",11087,964,12991,2252,0,20221,897,"Scottish National Party","Labour"
"Airdrie & Shotts","S14000003",3389,0,15108,678,0,23887,1088,"Scottish National Party","Labour"
"Aldershot","E14000530",23369,2025,8468,4076,0,0,8253,"Conservative","Labour"
"Aldridge-Brownhills","E14000531",20558,826,8835,1330,0,0,7751,"Conservative","Labour"
"Altrincham & Sale West","E14000532",26771,1983,13481,4235,0,0,4047,"Conservative","Labour"
"Alyn & Deeside","W07000043",13197,976,16540,1733,1608,0,7260,"Labour","Conservative"
"Amber Valley","E14000533",20106,1087,15901,1360,0,0,7263,"Conservative","Labour"
"Angus","S14000004",12900,965,3919,1216,0,24130,1355,"Scottish National Party","Conservative"
"Arfon","W07000057",3521,0,8122,718,11790,0,2277,"Plaid Cymru","Labour"
"Argyll & Bute","S14000005",7733,0,5394,14486,0,22959,1311,"Scottish National Party","Liberal Democrat"
"Arundel & South Downs","E14000534",34331,3606,6324,4062,0,0,8154,"Conservative","UKIP"
"Ashfield","E14000535",10628,0,19448,7030,0,0,10150,"Labour","Conservative"
"Ashford","E14000536",30094,2467,10580,3433,0,0,10798,"Conservative","UKIP"
"Ashton-under-Lyne","E14000537",8610,1531,19366,943,0,0,8468,"Labour","Conservative"
"Aylesbury","E14000538",28083,2135,8391,5885,0,0,10925,"Conservative","UKIP"
"Ayr, Carrick & Cumnock","S14000006",10355,0,14227,855,0,25492,1280,"Scottish National Party","Labour"
"Ayrshire Central","S14000010",8803,645,13410,917,0,26999,0,"Scottish National Party","Labour"
"Ayrshire North & Arran","S14000048",7968,0,15068,896,0,28641,1296,"Scottish National Party","Labour"
"Banbury","E14000539",30749,2686,12354,3440,0,0,8050,"Conservative","Labour"
"Banff & Buchan","S14000007",13148,0,2647,2347,0,27487,0,"Scottish National Party","Conservative"
"Barking","E14000540",7019,879,24826,562,0,0,9554,"Labour","UKIP"
"Barnsley Central","E14000541",5485,938,20376,770,0,0,7941,"Labour","UKIP"
"Barnsley East","E14000542",5622,0,21079,1213,0,0,9045,"Labour","UKIP"
"Barrow & Furness","E14000543",17525,1061,18320,1169,0,0,5070,"Labour","Conservative"
"Basildon & Billericay","E14000544",22668,0,10186,1636,0,0,8538,"Conservative","Labour"
"Basildon South & Thurrock East","E14000933",19788,0,11493,1356,0,0,12097,"Conservative","UKIP"
"Basingstoke","E14000545",25769,0,14706,3919,0,0,8290,"Conservative","Labour"
"Bassetlaw","E14000546",15122,1006,23965,1331,0,0,7865,"Labour","Conservative"
"Bath","E14000547",17833,5634,6216,14000,0,0,2922,"Conservative","Liberal Democrat"
"Batley & Spen","E14000548",15769,1232,21826,2396,0,0,9080,"Labour","Conservative"
"Battersea","E14000549",26730,1682,18792,2241,0,0,1586,"Conservative","Labour"
"Beaconsfield","E14000550",33621,2231,6074,3927,0,0,7310,"Conservative","UKIP"
"Beckenham","E14000551",27955,1878,9484,3378,0,0,6108,"Conservative","Labour"
"Bedford","E14000552",19625,1412,18528,1958,0,0,4434,"Conservative","Labour"
"Bedfordshire Mid","E14000813",32544,2462,9217,4193,0,0,8966,"Conservative","Labour"
"Bedfordshire North East","E14000841",34891,2537,9247,3418,0,0,8579,"Conservative","Labour"
"Bedfordshire South West","E14000949",28212,2106,10399,2646,0,0,7941,"Conservative","Labour"
"Bermondsey & Old Southwark","E14000553",6051,2023,22146,17657,0,0,3254,"Labour","Liberal Democrat"
"Berwickshire, Roxburgh & Selkirk","S14000008",19817,631,2700,10294,0,20145,1316,"Scottish National Party","Conservative"
"Berwick-upon-Tweed","E14000554",16603,1488,6042,11689,0,0,4513,"Conservative","Liberal Democrat"
"Bethnal Green & Bow","E14000555",8070,4906,32387,2395,0,0,3219,"Labour","Conservative"
"Beverley & Holderness","E14000556",25363,1802,13160,2900,0,0,8794,"Conservative","Labour"
"Bexhill & Battle","E14000557",30245,2807,7797,4199,0,0,10170,"Conservative","UKIP"
"Bexleyheath & Crayford","E14000558",20643,950,11451,1308,0,0,9182,"Conservative","Labour"
"Birkenhead","E14000559",5816,1626,26468,1396,0,0,3838,"Labour","Conservative"
"Birmingham Edgbaston","E14000560",15812,1371,18518,1184,0,0,4154,"Labour","Conservative"
"Birmingham Erdington","E14000561",10695,948,15824,965,0,0,6040,"Labour","Conservative"
"Birmingham Hall Green","E14000562",8329,2200,28147,5459,0,0,2131,"Labour","Conservative"
"Birmingham Hodge Hill","E14000563",4707,835,28069,2624,0,0,4651,"Labour","Conservative"
"Birmingham Ladywood","E14000564",4576,1501,26444,1374,0,0,1805,"Labour","Conservative"
"Birmingham Northfield","E14000565",15164,1169,17673,1349,0,0,7106,"Labour","Conservative"
"Birmingham Perry Barr","E14000566",8869,1330,23697,2001,0,0,5032,"Labour","Conservative"
"Birmingham Selly Oak","E14000567",13137,2301,21584,2517,0,0,5755,"Labour","Conservative"
"Birmingham Yardley","E14000568",5760,698,17129,10534,0,0,6637,"Labour","Liberal Democrat"
"Bishop Auckland","E14000569",12799,1545,16307,1723,0,0,7015,"Labour","Conservative"
"Blackburn","E14000570",12002,0,24762,955,0,0,6280,"Labour","Conservative"
"Blackley & Broughton","E14000571",5581,1567,22982,874,0,0,6108,"Labour","UKIP"
"Blackpool North & Cleveleys","E14000572",17508,889,14168,948,0,0,5823,"Conservative","Labour"
"Blackpool South","E14000573",10963,841,13548,743,0,0,5613,"Labour","Conservative"
"Blaenau Gwent","W07000072",3419,738,18380,620,2849,0,5677,"Labour","UKIP"
"Blaydon","E14000574",7838,1648,22090,5497,0,0,7863,"Labour","UKIP"
"Blyth Valley","E14000575",8346,1453,17813,2265,0,0,8584,"Labour","UKIP"
"Bognor Regis & Littlehampton","E14000576",24185,1942,6508,4240,0,0,10241,"Conservative","UKIP"
"Bolsover","E14000577",10764,0,22542,1464,0,0,9228,"Labour","Conservative"
"Bolton North East","E14000578",14164,1103,18541,1236,0,0,8117,"Labour","Conservative"
"Bolton South East","E14000579",8289,1200,20555,1072,0,0,9627,"Labour","UKIP"
"Bolton West","E14000580",19744,0,18943,1947,0,0,7428,"Conservative","Labour"
"Bootle","E14000581",3639,1501,33619,978,0,0,4915,"Labour","UKIP"
"Boston & Skegness","E14000582",18981,800,7142,1015,0,0,14645,"Conservative","UKIP"
"Bosworth","E14000583",22939,0,9354,11951,0,0,9338,"Conservative","Liberal Democrat"
"Bournemouth East","E14000584",22060,3263,7448,3752,0,0,7401,"Conservative","Labour"
"Bournemouth West","E14000585",20155,3107,7386,3281,0,0,7745,"Conservative","UKIP"
"Bracknell","E14000586",29606,2202,8956,3983,0,0,8339,"Conservative","Labour"
"Bradford East","E14000587",4682,871,19312,12228,0,0,4103,"Labour","Liberal Democrat"
"Bradford South","E14000588",9878,1243,16328,1094,0,0,9057,"Labour","Conservative"
"Bradford West","E14000589",6160,1085,19977,1173,0,0,3140,"Labour","Conservative"
"Braintree","E14000590",27071,1564,9296,2488,0,0,9461,"Conservative","UKIP"
"Brecon & Radnorshire","W07000068",16453,1261,5904,11351,1767,0,3338,"Conservative","Liberal Democrat"
"Brent Central","E14000591",9567,1912,29216,3937,0,0,1850,"Labour","Conservative"
"Brentford & Isleworth","E14000593",24631,2120,25096,2305,0,0,3203,"Labour","Conservative"
"Brent North","E14000592",17517,1539,28351,2607,0,0,2024,"Labour","Conservative"
"Brentwood & Ongar","E14000594",30534,1397,6492,4577,0,0,8724,"Conservative","UKIP"
"Bridgend","W07000073",12697,736,14624,1648,2784,0,5911,"Labour","Conservative"
"Bridgwater & Somerset West","E14000595",25020,2636,9589,6765,0,0,10437,"Conservative","UKIP"
"Brigg & Goole","E14000596",22946,915,11770,764,0,0,6694,"Conservative","Labour"
"Brighton Kemptown","E14000597",18428,3187,17738,1365,0,0,4446,"Conservative","Labour"
"Brighton Pavilion","E14000598",12448,22871,14904,1525,0,0,2724,"Green Party","Labour"
"Bristol East","E14000599",14168,3827,18148,2689,0,0,7152,"Labour","Conservative"
"Bristol North West","E14000600",22767,2952,17823,3214,0,0,4889,"Conservative","Labour"
"Bristol South","E14000601",12377,5861,19505,4416,0,0,8381,"Labour","Conservative"
"Bristol West","E14000602",9752,17227,22900,12103,0,0,1940,"Labour","Green Party"
"Broadland","E14000603",26808,2252,9970,5178,0,0,8881,"Conservative","Labour"
"Bromley & Chislehurst","E14000604",23343,1823,9779,2836,0,0,6285,"Conservative","Labour"
"Bromsgrove","E14000605",28133,1729,11604,2616,0,0,8163,"Conservative","Labour"
"Broxbourne","E14000606",25797,1216,8470,1467,0,0,9074,"Conservative","UKIP"
"Broxtowe","E14000607",24163,1544,19876,2120,0,0,5674,"Conservative","Labour"
"Buckingham","E14000608",34617,7400,0,0,0,0,11675,"Conservative","UKIP"
"Burnley","E14000609",5374,850,14951,11707,0,0,6864,"Labour","Liberal Democrat"
"Burton","E14000610",24736,1224,13484,1232,0,0,8658,"Conservative","Labour"
"Bury North","E14000611",18970,1141,18592,932,0,0,5595,"Conservative","Labour"
"Bury South","E14000612",16350,1434,21272,1690,0,0,6299,"Labour","Conservative"
"Bury St Edmunds","E14000613",31815,4692,10514,3581,0,0,8739,"Conservative","Labour"
"Caerphilly","W07000076",6683,937,17864,935,5895,0,7791,"Labour","UKIP"
"Caithness, Sutherland & Easter Ross","S14000009",2326,0,3061,11987,0,15831,981,"Scottish National Party","Liberal Democrat"
"Calder Valley","E14000614",23354,2090,18927,2666,0,0,5950,"Conservative","Labour"
"Camberwell & Peckham","E14000615",6790,5187,32614,2580,0,0,2413,"Labour","Conservative"
"Camborne & Redruth","E14000616",18452,2608,11448,5687,0,0,6776,"Conservative","Labour"
"Cambridge","E14000617",8117,4109,18646,18047,0,0,2668,"Labour","Liberal Democrat"
"Cambridgeshire North East","E14000842",28524,1816,7476,2314,0,0,11650,"Conservative","UKIP"
"Cambridgeshire North West","E14000855",32070,2159,10927,3479,0,0,12275,"Conservative","UKIP"
"Cambridgeshire South","E14000934",31454,3848,10860,9368,0,0,6010,"Conservative","Labour"
"Cambridgeshire South East","E14000937",28845,3047,9013,12008,0,0,6593,"Conservative","Liberal Democrat"
"Cannock Chase","E14000618",20811,906,15888,1270,0,0,8224,"Conservative","Labour"
"Canterbury","E14000619",22918,3746,13120,6227,0,0,7289,"Conservative","Labour"
"Cardiff Central","W07000050",5674,2461,15462,10481,1925,0,2499,"Labour","Liberal Democrat"
"Cardiff North","W07000051",21709,1254,19572,1953,2301,0,3953,"Conservative","Labour"
"Cardiff South & Penarth","W07000080",12513,1746,19966,2318,3433,0,6423,"Labour","Conservative"
"Cardiff West","W07000079",11014,1704,17803,2069,6096,0,4923,"Labour","Conservative"
"Carlisle","E14000620",18873,1125,16099,1087,0,0,5277,"Conservative","Labour"
"Carmarthen East & Dinefwr","W07000067",8336,1091,9541,928,15140,0,4363,"Plaid Cymru","Labour"
"Carmarthen West & Pembrokeshire South","W07000066",17626,1290,11572,963,4201,0,4698,"Conservative","Labour"
"Carshalton & Wallington","E14000621",15093,1492,7150,16603,0,0,7049,"Liberal Democrat","Conservative"
"Castle Point","E14000622",23112,1076,6283,801,0,0,14178,"Conservative","UKIP"
"Ceredigion","W07000064",4123,2088,3615,13414,10347,0,3829,"Liberal Democrat","Plaid Cymru"
"Charnwood","E14000625",28384,0,11453,3605,0,0,8330,"Conservative","Labour"
"Chatham & Aylesford","E14000626",21614,1101,10159,1360,0,0,8581,"Conservative","Labour"
"Cheadle","E14000627",22889,0,8673,16436,0,0,4423,"Conservative","Liberal Democrat"
"Chelmsford","E14000628",27732,1892,9482,6394,0,0,7652,"Conservative","Labour"
"Chelsea & Fulham","E14000629",25322,1474,9300,2091,0,0,2039,"Conservative","Labour"
"Cheltenham","E14000630",24790,2689,3902,18274,0,0,3808,"Conservative","Liberal Democrat"
"Chesham & Amersham","E14000631",31138,2902,6712,4761,0,0,7218,"Conservative","UKIP"
"Chester, City of","E14000640",22025,0,22118,2870,0,0,4148,"Labour","Conservative"
"Chesterfield","E14000632",8231,1352,21829,6301,0,0,7523,"Labour","Conservative"
"Chichester","E14000633",32953,3742,6933,4865,0,0,8540,"Conservative","UKIP"
"Chingford & Woodford Green","E14000634",20999,1854,12613,2400,0,0,5644,"Conservative","Labour"
"Chippenham","E14000635",26354,2330,4561,16278,0,0,5884,"Conservative","Liberal Democrat"
"Chipping Barnet","E14000636",25759,2501,18103,2381,0,0,4151,"Conservative","Labour"
"Chorley","E14000637",18792,1111,23322,1354,0,0,6995,"Labour","Conservative"
"Christchurch","E14000638",28887,2149,4745,3263,0,0,10663,"Conservative","UKIP"
"Cities of London & Westminster","E14000639",19570,1953,9899,2521,0,0,1894,"Conservative","Labour"
"Clacton","E14000642",16205,1184,6364,812,0,0,19642,"UKIP","Conservative"
"Cleethorpes","E14000643",21026,1013,13133,1346,0,0,8356,"Conservative","Labour"
"Clwyd South","W07000062",10649,915,13051,1349,3620,0,5480,"Labour","Conservative"
"Clwyd West","W07000059",16463,0,9733,1387,4651,0,4988,"Conservative","Labour"
"Coatbridge, Chryston & Bellshill","S14000011",3209,0,17195,549,0,28696,1049,"Scottish National Party","Labour"
"Colchester","E14000644",18919,2499,7852,13344,0,0,5870,"Conservative","Liberal Democrat"
"Colne Valley","E14000645",25246,1919,19868,3407,0,0,5734,"Conservative","Labour"
"Congleton","E14000646",27164,1876,10391,4623,0,0,6922,"Conservative","Labour"
"Copeland","E14000647",14186,1179,16750,1368,0,0,6148,"Labour","Conservative"
"Corby","E14000648",24023,1374,21611,1458,0,0,7708,"Conservative","Labour"
"Cornwall North","E14000837",21689,2063,2621,15068,0,0,6121,"Conservative","Liberal Democrat"
"Cornwall South East","E14000938",25516,2718,4692,8521,0,0,7698,"Conservative","Liberal Democrat"
"Cotswolds, The","E14000991",32045,2626,5240,10568,0,0,6188,"Conservative","Liberal Democrat"
"Coventry North East","E14000649",9751,1245,22025,2007,0,0,6278,"Labour","Conservative"
"Coventry North West","E14000650",14048,1961,18557,1810,0,0,7101,"Labour","Conservative"
"Coventry South","E14000651",15284,1719,18472,1779,0,0,5709,"Labour","Conservative"
"Crawley","E14000652",22829,1100,16303,1339,0,0,6979,"Conservative","Labour"
"Crewe & Nantwich","E14000653",22445,0,18825,1374,0,0,7252,"Conservative","Labour"
"Croydon Central","E14000654",22753,1454,22588,1152,0,0,4810,"Conservative","Labour"
"Croydon North","E14000655",12149,2515,33513,1919,0,0,2899,"Labour","Conservative"
"Croydon South","E14000656",31448,2154,14308,3448,0,0,6068,"Conservative","Labour"
"Cumbernauld, Kilsyth & Kirkintilloch East","S14000012",3891,0,14820,1099,0,29572,0,"Scottish National Party","Labour"
"Cynon Valley","W07000070",3676,799,14532,830,5126,0,4976,"Labour","Plaid Cymru"
"Dagenham & Rainham","E14000657",10492,806,17830,717,0,0,12850,"Labour","UKIP"
"Darlington","E14000658",14479,1444,17637,1966,0,0,5392,"Labour","Conservative"
"Dartford","E14000659",25670,1324,13325,1454,0,0,10434,"Conservative","Labour"
"Daventry","E14000660",30550,1829,9491,2352,0,0,8296,"Conservative","Labour"
"Delyn","W07000042",12257,680,15187,1380,1803,0,6150,"Labour","Conservative"
"Denton & Reddish","E14000661",9150,1466,19661,957,0,0,7225,"Labour","Conservative"
"Derby North","E14000662",16402,1618,16361,3832,0,0,6532,"Conservative","Labour"
"Derbyshire Dales","E14000664",24805,2173,10761,3965,0,0,5508,"Conservative","Labour"
"Derbyshire Mid","E14000814",24908,1898,12134,2292,0,0,6497,"Conservative","Labour"
"Derbyshire North East","E14000843",17605,1059,19488,2004,0,0,7631,"Labour","Conservative"
"Derbyshire South","E14000935",25066,1216,13595,1887,0,0,8998,"Conservative","Labour"
"Derby South","E14000663",11179,1208,20007,1717,0,0,6341,"Labour","Conservative"
"Devizes","E14000665",28295,2853,6360,3954,0,0,7544,"Conservative","UKIP"
"Devon Central","E14000623",28436,4866,6985,6643,0,0,7171,"Conservative","UKIP"
"Devon East","E14000678",25401,0,5591,3715,0,0,6870,"Conservative","UKIP"
"Devon North","E14000838",22341,3018,3699,15405,0,0,7719,"Conservative","Liberal Democrat"
"Devon South West","E14000950",28500,2408,8391,3767,0,0,7306,"Conservative","Labour"
"Devon West & Torridge","E14001000",28774,3941,6015,7483,0,0,10371,"Conservative","UKIP"
"Dewsbury","E14000666",20955,1366,22406,1924,0,0,6649,"Labour","Conservative"
"Doncaster Central","E14000668",8386,0,19840,1717,0,0,9747,"Labour","UKIP"
"Doncaster North","E14000669",7235,757,20708,1005,0,0,8928,"Labour","UKIP"
"Don Valley","E14000667",10736,0,19621,1487,0,0,9963,"Labour","Conservative"
"Dorset Mid & Poole North","E14000815",23639,1321,2767,13109,0,0,5663,"Conservative","Liberal Democrat"
"Dorset North","E14000839",30227,3038,4785,6226,0,0,9109,"Conservative","UKIP"
"Dorset South","E14000936",23756,2275,11762,2901,0,0,7304,"Conservative","Labour"
"Dorset West","E14001031",28329,3242,5633,12199,0,0,7055,"Conservative","Liberal Democrat"
"Dover","E14000670",21737,1295,15443,1572,0,0,10177,"Conservative","Labour"
"Dudley North","E14000671",11704,517,15885,478,0,0,9113,"Labour","Conservative"
"Dudley South","E14000672",16723,970,12453,828,0,0,7236,"Conservative","Labour"
"Dulwich & West Norwood","E14000673",11650,4844,27772,5055,0,0,1606,"Labour","Conservative"
"Dumfries & Galloway","S14000013",16926,0,13982,953,0,23440,1301,"Scottish National Party","Conservative"
"Dumfriesshire, Clydesdale & Tweeddale","S14000014",20759,839,7711,1392,0,19961,1472,"Conservative","Scottish National Party"
"Dunbartonshire East","S14000018",4727,804,6754,19926,0,22093,567,"Scottish National Party","Liberal Democrat"
"Dunbartonshire West","S14000059",3597,0,16027,816,0,30198,0,"Scottish National Party","Labour"
"Dundee East","S14000015",7206,895,9603,1387,0,28765,0,"Scottish National Party","Labour"
"Dundee West","S14000016",3852,1225,10592,1057,0,27684,0,"Scottish National Party","Labour"
"Dunfermline & West Fife","S14000017",6623,1195,17744,2232,0,28096,0,"Scottish National Party","Labour"
"Durham, City of","E14000641",10157,2687,21596,5183,0,0,5232,"Labour","Conservative"
"Durham North","E14000840",8403,1246,22047,2046,0,0,6404,"Labour","Conservative"
"Durham North West","E14000856",10018,1567,20074,3894,0,0,7265,"Labour","Conservative"
"Dwyfor Meirionnydd","W07000061",6550,981,3904,1153,11811,0,3126,"Plaid Cymru","Conservative"
"Ealing Central & Acton","E14000674",21728,1841,22002,3106,0,0,1926,"Labour","Conservative"
"Ealing North","E14000675",14419,1635,26745,1575,0,0,3922,"Labour","Conservative"
"Ealing Southall","E14000676",9387,2007,28147,1550,0,0,1769,"Labour","Conservative"
"Easington","E14000677",4478,733,21132,834,0,0,6491,"Labour","UKIP"
"Eastbourne","E14000684",20934,1351,4143,20201,0,0,6139,"Conservative","Liberal Democrat"
"East Ham","E14000679",6311,1299,40563,856,0,0,2622,"Labour","Conservative"
"East Kilbride, Strathaven & Lesmahagow","S14000019",7129,0,17151,1042,0,33678,1221,"Scottish National Party","Labour"
"Eastleigh","E14000685",23464,1513,7181,14317,0,0,8783,"Conservative","Liberal Democrat"
"East Lothian","S14000020",11511,1245,18301,1517,0,25104,1178,"Scottish National Party","Labour"
"Eddisbury","E14000686",24167,1624,11193,4289,0,0,5778,"Conservative","Labour"
"Edinburgh East","S14000022",4670,2809,14082,1325,0,23188,898,"Scottish National Party","Labour"
"Edinburgh North & Leith","S14000023",9378,3140,18145,2634,0,23742,847,"Scottish National Party","Labour"
"Edinburgh South","S14000024",8626,2090,19293,1823,0,16656,601,"Labour","Scottish National Party"
"Edinburgh South West","S14000025",10444,1965,14033,1920,0,22168,1072,"Scottish National Party","Labour"
"Edinburgh West","S14000026",6732,1140,6425,18168,0,21378,1015,"Scottish National Party","Liberal Democrat"
"Edmonton","E14000687",9969,1358,25388,897,0,0,3366,"Labour","Conservative"
"Ellesmere Port & Neston","E14000688",16041,990,22316,1563,0,0,5594,"Labour","Conservative"
"Elmet & Rothwell","E14000689",27978,1261,19488,2640,0,0,6430,"Conservative","Labour"
"Eltham","E14000690",15700,1275,18393,1308,0,0,6481,"Labour","Conservative"
"Enfield North","E14000691",19086,1303,20172,1059,0,0,4133,"Labour","Conservative"
"Enfield Southgate","E14000692",22624,1690,17871,1518,0,0,2109,"Conservative","Labour"
"Epping Forest","E14000693",27027,1782,7962,3448,0,0,9049,"Conservative","UKIP"
"Epsom & Ewell","E14000694",33309,2116,8866,5002,0,0,7117,"Conservative","Labour"
"Erewash","E14000695",20636,1184,17052,1658,0,0,7792,"Conservative","Labour"
"Erith & Thamesmead","E14000696",11684,941,21209,972,0,0,7368,"Labour","Conservative"
"Esher & Walton","E14000697",35845,2355,7229,5372,0,0,5551,"Conservative","Labour"
"Exeter","E14000698",17879,3491,25062,2321,0,0,5075,"Labour","Conservative"
"Falkirk","S14000028",7325,0,15130,1225,0,34831,1829,"Scottish National Party","Labour"
"Fareham","E14000699",30689,2129,7800,4814,0,0,8427,"Conservative","UKIP"
"Faversham & Mid Kent","E14000700",24895,1768,7403,3039,0,0,8243,"Conservative","UKIP"
"Feltham & Heston","E14000701",14382,1390,25845,1579,0,0,6209,"Labour","Conservative"
"Fife North East","S14000049",7373,1387,3476,14179,0,18523,0,"Scottish National Party","Liberal Democrat"
"Filton & Bradley Stoke","E14000702",22920,2257,13082,3581,0,0,7261,"Conservative","Labour"
"Finchley & Golders Green","E14000703",25835,1357,20173,1662,0,0,1732,"Conservative","Labour"
"Folkestone & Hythe","E14000704",26323,2956,7939,4882,0,0,12526,"Conservative","UKIP"
"Forest of Dean","E14000705",23191,2703,12204,2630,0,0,8792,"Conservative","Labour"
"Fylde","E14000706",21406,1381,8182,1623,0,0,5569,"Conservative","Labour"
"Gainsborough","E14000707",25949,1290,10500,3290,0,0,7727,"Conservative","Labour"
"Garston & Halewood","E14000708",6693,1690,33839,2279,0,0,4482,"Labour","Conservative"
"Gateshead","E14000709",5502,1548,21549,2585,0,0,6765,"Labour","UKIP"
"Gedling","E14000710",17321,1534,20307,1906,0,0,6930,"Labour","Conservative"
"Gillingham & Rainham","E14000711",22590,1133,12060,1707,0,0,9199,"Conservative","Labour"
"Glasgow Central","S14000029",2359,1559,12996,612,0,20658,786,"Scottish National Party","Labour"
"Glasgow East","S14000030",2544,381,13729,318,0,24116,1105,"Scottish National Party","Labour"
"Glasgow North","S14000031",2901,2284,10315,1012,0,19610,486,"Scottish National Party","Labour"
"Glasgow North East","S14000032",1769,615,12754,300,0,21976,0,"Scottish National Party","Labour"
"Glasgow North West","S14000033",3692,1167,13544,1194,0,23908,0,"Scottish National Party","Labour"
"Glasgow South","S14000034",4752,1431,14504,1019,0,26773,0,"Scottish National Party","Labour"
"Glasgow South West","S14000035",2036,507,13438,406,0,23388,970,"Scottish National Party","Labour"
"Glenrothes","S14000036",3685,0,14562,892,0,28459,0,"Scottish National Party","Labour"
"Gloucester","E14000712",23827,1485,16586,2828,0,0,7497,"Conservative","Labour"
"Gordon","S14000037",6807,0,3441,19030,0,27717,1166,"Scottish National Party","Liberal Democrat"
"Gosport","E14000713",26364,1707,6926,3298,0,0,9266,"Conservative","UKIP"
"Gower","W07000046",15862,1161,15835,1552,3051,0,4773,"Conservative","Labour"
"Grantham & Stamford","E14000714",28399,1872,9070,3263,0,0,9410,"Conservative","UKIP"
"Gravesham","E14000715",23484,1124,15114,1111,0,0,9306,"Conservative","Labour"
"Great Grimsby","E14000716",8874,783,13414,1680,0,0,8417,"Labour","Conservative"
"Great Yarmouth","E14000717",19089,978,12935,1030,0,0,10270,"Conservative","Labour"
"Greenwich & Woolwich","E14000718",12438,2991,24384,2645,0,0,3888,"Labour","Conservative"
"Guildford","E14000719",30802,2558,6534,8354,0,0,4774,"Conservative","Liberal Democrat"
"Hackney North & Stoke Newington","E14000720",7341,7281,31357,2492,0,0,1085,"Labour","Conservative"
"Hackney South & Shoreditch","E14000721",6420,5519,30693,2186,0,0,1818,"Labour","Conservative"
"Halesowen & Rowley Regis","E14000722",18933,849,15851,905,0,0,7280,"Conservative","Labour"
"Halifax","E14000723",17078,1142,17506,1629,0,0,5621,"Labour","Conservative"
"Haltemprice & Howden","E14000724",26414,1809,10219,3055,0,0,6781,"Conservative","Labour"
"Halton","E14000725",8007,1017,28292,1097,0,0,6333,"Labour","Conservative"
"Hammersmith","E14000726",17463,2105,23981,2224,0,0,2105,"Labour","Conservative"
"Hampshire East","E14000680",31334,3176,5220,5732,0,0,6187,"Conservative","UKIP"
"Hampshire North East","E14000844",35573,2364,5290,5657,0,0,4732,"Conservative","Liberal Democrat"
"Hampshire North West","E14000857",32052,2541,7342,5151,0,0,8109,"Conservative","UKIP"
"Hampstead & Kilburn","E14000727",22839,2387,23977,3039,0,0,1532,"Labour","Conservative"
"Harborough","E14000728",27675,2177,8043,7037,0,0,7539,"Conservative","Labour"
"Harlow","E14000729",21623,954,13273,904,0,0,7208,"Conservative","Labour"
"Harrogate & Knaresborough","E14000730",28153,2351,5409,11782,0,0,5681,"Conservative","Liberal Democrat"
"Harrow East","E14000731",24668,846,19911,1037,0,0,2333,"Conservative","Labour"
"Harrow West","E14000732",19677,1310,21885,1567,0,0,2047,"Labour","Conservative"
"Hartlepool","E14000733",8256,1341,14076,761,0,0,11052,"Labour","UKIP"
"Harwich & Essex North","E14000734",24722,2122,9548,3576,0,0,8464,"Conservative","Labour"
"Hastings & Rye","E14000735",22686,1951,17890,1614,0,0,6786,"Conservative","Labour"
"Havant","E14000736",23159,2352,7149,2929,0,0,9239,"Conservative","UKIP"
"Hayes & Harlington","E14000737",11143,794,26843,888,0,0,5388,"Labour","Conservative"
"Hazel Grove","E14000738",17882,1140,7584,11330,0,0,5283,"Conservative","Liberal Democrat"
"Hemel Hempstead","E14000739",26245,1660,11825,2402,0,0,7249,"Conservative","Labour"
"Hemsworth","E14000740",9694,0,21772,1357,0,0,8565,"Labour","Conservative"
"Hendon","E14000741",24328,1015,20604,1088,0,0,2595,"Conservative","Labour"
"Henley","E14000742",32292,3815,6917,6205,0,0,6007,"Conservative","Labour"
"Hereford & Herefordshire South","E14000743",24844,3415,6042,5002,0,0,7954,"Conservative","UKIP"
"Herefordshire North","E14000847",26716,3341,5478,5768,0,0,6720,"Conservative","UKIP"
"Hertfordshire North East","E14000845",28949,2789,9869,3952,0,0,6728,"Conservative","Labour"
"Hertfordshire South West","E14000951",32608,2583,9345,5872,0,0,6603,"Conservative","Labour"
"Hertford & Stortford","E14000744",31593,2681,10084,4385,0,0,7534,"Conservative","Labour"
"Hertsmere","E14000745",29696,0,11235,2777,0,0,6383,"Conservative","Labour"
"Hexham","E14000746",22834,2445,10803,2961,0,0,4302,"Conservative","Labour"
"Heywood & Middleton","E14000747",9268,1110,20926,1607,0,0,15627,"Labour","UKIP"
"High Peak","E14000748",22836,1811,17942,2389,0,0,5811,"Conservative","Labour"
"Hitchin & Harpenden","E14000749",31488,3053,11433,4484,0,0,4917,"Conservative","Labour"
"Holborn & St Pancras","E14000750",12014,7013,29062,3555,0,0,2740,"Labour","Conservative"
"Hornchurch & Upminster","E14000751",27051,1411,11103,1501,0,0,13977,"Conservative","UKIP"
"Hornsey & Wood Green","E14000752",5347,3146,29417,18359,0,0,1271,"Labour","Liberal Democrat"
"Horsham","E14000753",32627,2198,6499,6647,0,0,7969,"Conservative","UKIP"
"Houghton & Sunderland South","E14000754",7105,1095,21218,791,0,0,8280,"Labour","UKIP"
"Hove","E14000755",20846,3569,22082,1861,0,0,3265,"Labour","Conservative"
"Huddersfield","E14000756",10841,2798,18186,2365,0,0,5948,"Labour","Conservative"
"Hull East","E14000771",5593,806,18180,2294,0,0,7861,"Labour","UKIP"
"Hull North","E14000772",5306,2066,18661,3175,0,0,5762,"Labour","UKIP"
"Hull West & Hessle","E14000773",5561,943,15646,3169,0,0,6313,"Labour","UKIP"
"Huntingdon","E14000757",29652,2178,10248,4375,0,0,9473,"Conservative","Labour"
"Hyndburn","E14000758",13676,1122,18076,859,0,0,9154,"Labour","Conservative"
"Ilford North","E14000759",20874,1023,21463,1130,0,0,4355,"Labour","Conservative"
"Ilford South","E14000760",13455,1506,33232,1014,0,0,2705,"Labour","Conservative"
"Inverclyde","S14000038",4446,0,13522,1106,0,24585,715,"Scottish National Party","Labour"
"Inverness, Nairn, Badenoch & Strathspey","S14000039",3410,1367,4311,18029,0,28838,1236,"Scottish National Party","Liberal Democrat"
"Ipswich","E14000761",21794,1736,18061,1400,0,0,5703,"Conservative","Labour"
"Isle of Wight","E14000762",28591,9404,8984,5235,0,0,14888,"Conservative","UKIP"
"Islington North","E14000763",8465,5043,29659,3984,0,0,1971,"Labour","Conservative"
"Islington South & Finsbury","E14000764",9839,3371,22547,4829,0,0,3375,"Labour","Conservative"
"Islwyn","W07000077",5366,659,17336,950,3794,0,6932,"Labour","UKIP"
"Jarrow","E14000765",6584,1310,21464,1238,0,0,7583,"Labour","UKIP"
"Keighley","E14000766",21766,1661,18713,1321,0,0,5662,"Conservative","Labour"
"Kenilworth & Southam","E14000767",28474,1956,7472,4913,0,0,5467,"Conservative","Labour"
"Kensington","E14000768",18199,1765,10838,1962,0,0,1557,"Conservative","Labour"
"Kettering","E14000769",24467,1633,11877,1490,0,0,7600,"Conservative","Labour"
"Kilmarnock & Loudoun","S14000040",6752,0,16362,789,0,30000,0,"Scottish National Party","Labour"
"Kingston & Surbiton","E14000770",23249,2322,8574,20415,0,0,4321,"Conservative","Liberal Democrat"
"Kingswood","E14000774",23252,1370,14246,1827,0,0,7133,"Conservative","Labour"
"Kirkcaldy & Cowdenbeath","S14000041",5223,0,17654,1150,0,27628,1237,"Scottish National Party","Labour"
"Knowsley","E14000775",3367,1270,39628,1490,0,0,4973,"Labour","UKIP"
"Lanark & Hamilton East","S14000042",8772,0,16876,1203,0,26976,1431,"Scottish National Party","Labour"
"Lancashire West","E14001033",16114,1582,24474,1298,0,0,6058,"Labour","Conservative"
"Lancaster & Fleetwood","E14000776",16378,2093,17643,1390,0,0,4060,"Labour","Conservative"
"Leeds Central","E14000777",7791,3558,24758,1529,0,0,7082,"Labour","Conservative"
"Leeds East","E14000778",7997,1117,20530,1296,0,0,7256,"Labour","Conservative"
"Leeds North East","E14000779",15887,2541,23137,2569,0,0,3706,"Labour","Conservative"
"Leeds North West","E14000780",8083,3042,13041,15948,0,0,2997,"Liberal Democrat","Labour"
"Leeds West","E14000781",7729,3217,18456,1495,0,0,7104,"Labour","Conservative"
"Leicester East","E14000782",11034,1468,29386,1233,0,0,4290,"Labour","Conservative"
"Leicestershire North West","E14000858",25505,1174,14132,2033,0,0,8704,"Conservative","Labour"
"Leicestershire South","E14000940",28700,0,11876,3987,0,0,9363,"Conservative","Labour"
"Leicester South","E14000783",9628,2533,27473,2127,0,0,3832,"Labour","Conservative"
"Leicester West","E14000784",8848,1878,16051,1507,0,0,5950,"Labour","Conservative"
"Leigh","E14000785",10216,0,24312,1150,0,0,8903,"Labour","Conservative"
"Lewes","E14000786",19206,2784,5000,18123,0,0,5427,"Conservative","Liberal Democrat"
"Lewisham Deptford","E14000789",7056,5932,28572,2497,0,0,2013,"Labour","Conservative"
"Lewisham East","E14000787",9574,2429,23907,2455,0,0,3886,"Labour","Conservative"
"Lewisham West & Penge","E14000788",11633,4077,24347,3709,0,0,3764,"Labour","Conservative"
"Leyton & Wanstead","E14000790",8939,2974,23858,2304,0,0,2341,"Labour","Conservative"
"Lichfield","E14000791",28389,1976,10200,2700,0,0,8082,"Conservative","Labour"
"Lincoln","E14000792",19976,0,18533,1992,0,0,5721,"Conservative","Labour"
"Linlithgow & Falkirk East","S14000043",7384,0,19121,1252,0,32055,1682,"Scottish National Party","Labour"
"Liverpool Riverside","E14000793",4245,5372,29835,1719,0,0,2510,"Labour","Green Party"
"Liverpool Walton","E14000794",1802,956,31222,899,0,0,3445,"Labour","UKIP"
"Liverpool Wavertree","E14000795",4098,2140,28401,2454,0,0,3375,"Labour","Conservative"
"Liverpool West Derby","E14000796",2710,996,30842,959,0,0,3475,"Labour","UKIP"
"Livingston","S14000044",5929,0,15893,1232,0,32736,1757,"Scottish National Party","Labour"
"Llanelli","W07000045",5534,689,15948,751,8853,0,6269,"Labour","Plaid Cymru"
"Loughborough","E14000797",25762,1845,16579,2130,0,0,5704,"Conservative","Labour"
"Louth & Horncastle","E14000798",25755,1549,9077,2255,0,0,10778,"Conservative","UKIP"
"Ludlow","E14000799",26093,2435,5902,6469,0,0,7164,"Conservative","UKIP"
"Luton North","E14000800",12739,972,22243,1299,0,0,5318,"Labour","Conservative"
"Luton South","E14000801",12949,1237,18660,3183,0,0,5129,"Labour","Conservative"
"Macclesfield","E14000802",26063,2404,11252,3842,0,0,6037,"Conservative","Labour"
"Maidenhead","E14000803",35453,1915,6394,5337,0,0,4539,"Conservative","Labour"
"Maidstone & The Weald","E14000804",22745,1396,5268,12036,0,0,7930,"Conservative","Liberal Democrat"
"Makerfield","E14000805",8752,1136,23208,1639,0,0,10053,"Labour","UKIP"
"Maldon","E14000806",29112,1504,5690,2157,0,0,7042,"Conservative","UKIP"
"Manchester Central","E14000807",6133,3838,27772,1867,0,0,5033,"Labour","Conservative"
"Manchester Gorton","E14000808",4063,4108,28187,1782,0,0,3434,"Labour","Green Party"
"Manchester Withington","E14000809",4872,4048,26843,11970,0,0,2172,"Labour","Liberal Democrat"
"Mansfield","E14000810",13288,1486,18603,1642,0,0,11850,"Labour","Conservative"
"Meon Valley","E14000811",31578,1831,5656,4987,0,0,7665,"Conservative","UKIP"
"Meriden","E14000812",28791,2170,9996,2638,0,0,8908,"Conservative","Labour"
"Merthyr Tydfil & Rhymney","W07000071",3292,603,17619,1351,3099,0,6106,"Labour","UKIP"
"Middlesbrough","E14000819",5388,1407,18584,1220,0,0,6107,"Labour","UKIP"
"Middlesbrough South & Cleveland East","E14000820",16925,1060,19193,1564,0,0,6935,"Labour","Conservative"
"Midlothian","S14000045",5760,1219,14594,1132,0,24453,1173,"Scottish National Party","Labour"
"Milton Keynes North","E14000821",27244,2255,17491,3575,0,0,6852,"Conservative","Labour"
"Milton Keynes South","E14000822",27601,1936,18929,2309,0,0,7803,"Conservative","Labour"
"Mitcham & Morden","E14000823",10458,1422,27380,1378,0,0,4287,"Labour","Conservative"
"Mole Valley","E14000824",33434,2979,4565,7981,0,0,6181,"Conservative","Liberal Democrat"
"Monmouth","W07000054",23701,1629,12719,2496,1875,0,4972,"Conservative","Labour"
"Montgomeryshire","W07000063",15204,1260,1900,9879,1745,0,3769,"Conservative","Liberal Democrat"
"Moray","S14000046",15319,1345,4898,1395,0,24384,1939,"Scottish National Party","Conservative"
"Morecambe & Lunesdale","E14000825",19691,1395,15101,1612,0,0,5358,"Conservative","Labour"
"Morley & Outwood","E14000826",18776,1264,18354,1426,0,0,7951,"Conservative","Labour"
"Motherwell & Wishaw","S14000047",3695,0,15377,601,0,27275,1289,"Scottish National Party","Labour"
"Na h-Eileanan an Iar (Western Isles)","S14000027",1215,0,4560,456,0,8662,0,"Scottish National Party","Labour"
"Neath","W07000069",5691,1185,16270,1173,6722,0,6094,"Labour","Plaid Cymru"
"Newark","E14000829",29834,1792,11360,2385,0,0,6294,"Conservative","Labour"
"Newbury","E14000830",34973,2324,4837,8605,0,0,6195,"Conservative","Liberal Democrat"
"Newcastle-under-Lyme","E14000834",15870,1246,16520,1826,0,0,7252,"Labour","Conservative"
"Newcastle upon Tyne Central","E14000831",6628,1724,19301,2218,0,0,5214,"Labour","Conservative"
"Newcastle upon Tyne East","E14000832",6884,3426,19378,4332,0,0,4910,"Labour","Conservative"
"Newcastle upon Tyne North","E14000833",10536,1515,20689,4366,0,0,7447,"Labour","Conservative"
"New Forest East","E14000827",27819,2327,6018,4626,0,0,8657,"Conservative","UKIP"
"New Forest West","E14000828",28420,2748,5133,3293,0,0,7816,"Conservative","UKIP"
"Newport East","W07000055",9585,887,14290,2251,1231,0,6466,"Labour","Conservative"
"Newport West","W07000056",13123,1272,16633,1581,1604,0,6134,"Labour","Conservative"
"Newton Abbot","E14000835",22794,2216,4736,11506,0,0,6726,"Conservative","Liberal Democrat"
"Norfolk Mid","E14000816",27206,2191,9585,3300,0,0,9930,"Conservative","UKIP"
"Norfolk North","E14000848",15256,1488,5043,19299,0,0,8328,"Liberal Democrat","Conservative"
"Norfolk North West","E14000859",24727,1780,10779,1673,0,0,8412,"Conservative","Labour"
"Norfolk South","E14000941",30995,3090,10502,4689,0,0,7847,"Conservative","Labour"
"Norfolk South West","E14000952",25515,2075,8649,2217,0,0,11654,"Conservative","UKIP"
"Normanton, Pontefract & Castleford","E14000836",9569,0,25213,1330,0,0,9785,"Labour","UKIP"
"Northampton North","E14000861",16699,1503,13454,1401,0,0,6354,"Conservative","Labour"
"Northamptonshire South","E14000942",36607,2247,10191,3613,0,0,8204,"Conservative","Labour"
"Northampton South","E14000862",16163,1403,12370,1673,0,0,7114,"Conservative","Labour"
"Norwich North","E14000863",19052,1939,14589,1894,0,0,5986,"Conservative","Labour"
"Norwich South","E14000864",11379,6749,19033,6607,0,0,4539,"Labour","Conservative"
"Nottingham East","E14000865",7314,3473,19208,1475,0,0,3501,"Labour","Conservative"
"Nottingham North","E14000866",7423,1088,19283,847,0,0,6542,"Labour","Conservative"
"Nottingham South","E14000867",13761,2345,20697,1532,0,0,4900,"Labour","Conservative"
"Nuneaton","E14000868",20827,1281,15945,816,0,0,6582,"Conservative","Labour"
"Ochil & South Perthshire","S14000050",11987,0,16452,1481,0,26620,1331,"Scottish National Party","Labour"
"Ogmore","W07000074",5620,754,18663,1072,3556,0,5420,"Labour","Conservative"
"Old Bexley & Sidcup","E14000869",24682,1336,8879,1644,0,0,8528,"Conservative","Labour"
"Oldham East & Saddleworth","E14000870",11527,1152,17529,5718,0,0,8557,"Labour","Conservative"
"Oldham West & Royton","E14000871",8187,839,23630,1589,0,0,8892,"Labour","UKIP"
"Orkney & Shetland","S14000051",2025,0,1624,9407,0,8590,1082,"Liberal Democrat","Scottish National Party"
"Orpington","E14000872",28152,1732,7645,3330,0,0,8173,"Conservative","UKIP"
"Oxford East","E14000873",10076,5890,25356,5453,0,0,3451,"Labour","Conservative"
"Oxford West & Abingdon","E14000874",26153,2497,7274,16571,0,0,3963,"Conservative","Liberal Democrat"
"Paisley & Renfrewshire North","S14000052",6183,703,16525,1055,0,25601,0,"Scottish National Party","Labour"
"Paisley & Renfrewshire South","S14000053",3526,0,17864,1010,0,23548,0,"Scottish National Party","Labour"
"Pendle","E14000875",20978,1043,15525,1487,0,0,5415,"Conservative","Labour"
"Penistone & Stocksbridge","E14000876",12968,0,19691,2957,0,0,10738,"Labour","Conservative"
"Penrith & The Border","E14000877",26202,2313,6308,3745,0,0,5353,"Conservative","Labour"
"Perth & North Perthshire","S14000054",17738,1146,4413,2059,0,27379,1110,"Scottish National Party","Conservative"
"Peterborough","E14000878",18684,1218,16759,1774,0,0,7485,"Conservative","Labour"
"Plymouth Moor View","E14000879",16020,1023,14994,1265,0,0,9152,"Conservative","Labour"
"Plymouth Sutton & Devonport","E14000880",18120,3401,17597,2008,0,0,6731,"Conservative","Labour"
"Pontypridd","W07000075",6969,992,15554,4904,4348,0,5085,"Labour","Conservative"
"Poole","E14000881",23745,2198,6102,5572,0,0,7956,"Conservative","UKIP"
"Poplar & Limehouse","E14000882",12962,2463,29886,2149,0,0,3128,"Labour","Conservative"
"Portsmouth North","E14000883",21343,1450,10806,2828,0,0,8660,"Conservative","Labour"
"Portsmouth South","E14000884",14585,3145,8184,9344,0,0,5595,"Conservative","Liberal Democrat"
"Preseli Pembrokeshire","W07000065",16383,1452,11414,780,2518,0,4257,"Conservative","Labour"
"Preston","E14000885",6688,1643,18755,1244,0,0,5139,"Labour","Conservative"
"Pudsey","E14000886",23637,1539,19136,1926,0,0,4689,"Conservative","Labour"
"Putney","E14000887",23018,2067,12838,2717,0,0,1989,"Conservative","Labour"
"Rayleigh & Wickford","E14000888",29088,1529,6705,1622,0,0,11858,"Conservative","UKIP"
"Reading East","E14000889",23217,3214,16697,3719,0,0,3647,"Conservative","Labour"
"Reading West","E14000890",23082,1406,16432,2355,0,0,4826,"Conservative","Labour"
"Redcar","E14000891",6630,880,17946,7558,0,0,7516,"Labour","Liberal Democrat"
"Redditch","E14000892",20771,960,13717,1349,0,0,7133,"Conservative","Labour"
"Reigate","E14000893",29151,3434,6578,5369,0,0,6817,"Conservative","UKIP"
"Renfrewshire East","S14000021",12465,0,19295,1069,0,23013,888,"Scottish National Party","Labour"
"Rhondda","W07000052",2116,453,15976,474,8521,0,3998,"Labour","Plaid Cymru"
"Ribble Valley","E14000894",25404,2193,11798,2756,0,0,8250,"Conservative","Labour"
"Richmond Park","E14000896",34404,3548,7296,11389,0,0,2464,"Conservative","Liberal Democrat"
"Richmond (Yorks)","E14000895",27744,2313,7124,3465,0,0,8194,"Conservative","UKIP"
"Rochdale","E14000897",7742,1382,20961,4667,0,0,8519,"Labour","UKIP"
"Rochester & Strood","E14000898",23142,1516,10396,1251,0,0,16009,"Conservative","UKIP"
"Rochford & Southend East","E14000899",20241,2195,10765,1459,0,0,8948,"Conservative","Labour"
"Romford","E14000900",25067,1222,10268,1413,0,0,11208,"Conservative","UKIP"
"Romsey & Southampton North","E14000901",26285,2280,5749,8573,0,0,5511,"Conservative","Liberal Democrat"
"Rossendale & Darwen","E14000902",22847,1046,17193,806,0,0,6862,"Conservative","Labour"
"Ross, Skye & Lochaber","S14000055",2598,1051,2043,14995,0,20119,814,"Scottish National Party","Liberal Democrat"
"Rotherham","E14000904",4656,0,19860,1093,0,0,11414,"Labour","UKIP"
"Rother Valley","E14000903",10945,0,20501,1992,0,0,13204,"Labour","UKIP"
"Rugby","E14000905",24040,1415,13695,2776,0,0,6855,"Conservative","Labour"
"Ruislip, Northwood & Pinner","E14000906",30521,1801,10297,2537,0,0,5598,"Conservative","Labour"
"Runnymede & Weybridge","E14000907",29901,2071,7767,3362,0,0,6951,"Conservative","Labour"
"Rushcliffe","E14000908",28354,3559,14525,2783,0,0,5943,"Conservative","Labour"
"Rutherglen & Hamilton West","S14000056",4350,0,20304,1045,0,30279,1301,"Scottish National Party","Labour"
"Rutland & Melton","E14000909",30383,2325,8383,4407,0,0,8678,"Conservative","UKIP"
"Saffron Walden","E14000910",32926,2174,6791,6079,0,0,7935,"Conservative","UKIP"
"Salford & Eccles","E14000911",8823,2251,21364,1614,0,0,7806,"Labour","Conservative"
"Salisbury","E14000912",28192,2762,7771,5099,0,0,6152,"Conservative","Labour"
"Scarborough & Whitby","E14000913",20613,2185,14413,2159,0,0,8162,"Conservative","Labour"
"Scunthorpe","E14000914",12259,887,15393,770,0,0,6329,"Labour","Conservative"
"Sedgefield","E14000915",11432,1213,18275,1370,0,0,6426,"Labour","Conservative"
"Sefton Central","E14000916",14513,1184,26359,2086,0,0,4879,"Labour","Conservative"
"Selby & Ainsty","E14000917",27725,1465,14168,1920,0,0,7389,"Conservative","Labour"
"Sevenoaks","E14000918",28531,2238,6448,3937,0,0,8970,"Conservative","UKIP"
"Sheffield Brightside & Hillsborough","E14000921",4407,1712,22663,1802,0,0,8856,"Labour","UKIP"
"Sheffield Central","E14000919",4917,6999,24308,4278,0,0,3296,"Labour","Green Party"
"Sheffield Hallam","E14000922",7544,1772,19862,22215,0,0,3575,"Liberal Democrat","Labour"
"Sheffield Heeley","E14000923",6792,2566,20269,4746,0,0,7315,"Labour","UKIP"
"Sheffield South East","E14000920",7242,1117,21439,2226,0,0,9128,"Labour","UKIP"
"Sherwood","E14000924",22833,1108,18186,1094,0,0,7399,"Conservative","Labour"
"Shipley","E14000925",25269,2657,15645,1949,0,0,4479,"Conservative","Labour"
"Shrewsbury & Atcham","E14000926",24628,2247,15063,4268,0,0,7813,"Conservative","Labour"
"Shropshire North","E14000849",27041,2575,10547,3148,0,0,9262,"Conservative","Labour"
"Sittingbourne & Sheppey","E14000927",24425,1185,9673,1563,0,0,12257,"Conservative","UKIP"
"Skipton & Ripon","E14000928",30248,3116,9487,4057,0,0,7651,"Conservative","Labour"
"Sleaford & North Hykeham","E14000929",34805,0,10690,3500,0,0,9716,"Conservative","Labour"
"Slough","E14000930",16085,1220,23421,1275,0,0,6274,"Labour","Conservative"
"Solihull","E14000931",26956,1632,5693,14054,0,0,6361,"Conservative","Liberal Democrat"
"Somerset North","E14000850",31540,3806,8441,7486,0,0,7669,"Conservative","Labour"
"Somerset North East","E14000846",25439,2802,12690,4029,0,0,6150,"Conservative","Labour"
"Somerton & Frome","E14000932",31960,5434,4419,11692,0,0,6439,"Conservative","Liberal Democrat"
"Southampton Itchen","E14000955",18656,1876,16340,1595,0,0,6010,"Conservative","Labour"
"Southampton Test","E14000956",14207,2568,18017,2121,0,0,5566,"Labour","Conservative"
"Southend West","E14000957",22175,2083,8154,4129,0,0,7803,"Conservative","Labour"
"South Holland & The Deepings","E14000939",29303,1580,6122,1466,0,0,10736,"Conservative","UKIP"
"Southport","E14000958",12330,1230,8468,13652,0,0,7429,"Liberal Democrat","Conservative"
"South Ribble","E14000943",24313,0,18368,2312,0,0,7377,"Conservative","Labour"
"South Shields","E14000944",6021,1614,18589,639,0,0,7975,"Labour","UKIP"
"Spelthorne","E14000959",24386,1724,9114,3163,0,0,10234,"Conservative","UKIP"
"Stafford","E14000965",23606,1390,14429,1348,0,0,6293,"Conservative","Labour"
"Staffordshire Moorlands","E14000966",21770,1226,11596,1759,0,0,6236,"Conservative","Labour"
"Staffordshire South","E14000945",29478,1298,9107,1448,0,0,8267,"Conservative","Labour"
"St Albans","E14000960",25392,2034,12660,10076,0,0,4271,"Conservative","Labour"
"Stalybridge & Hyde","E14000967",11761,1850,18447,1256,0,0,7720,"Labour","Conservative"
"St Austell & Newquay","E14000961",20250,2318,5150,12077,0,0,8503,"Conservative","Liberal Democrat"
"Stevenage","E14000968",21291,1369,16336,1582,0,0,6864,"Conservative","Labour"
"St Helens North","E14000962",9087,1762,26378,2046,0,0,6983,"Labour","Conservative"
"St Helens South & Whiston","E14000963",7707,2237,28950,2737,0,0,6766,"Labour","Conservative"
"Stirling","S14000057",12051,1606,13303,1392,0,23783,0,"Scottish National Party","Labour"
"St Ives","E14000964",18491,3051,4510,16022,0,0,5720,"Conservative","Liberal Democrat"
"Stockport","E14000969",9710,1753,19771,3034,0,0,5206,"Labour","Conservative"
"Stockton North","E14000970",11069,0,19436,884,0,0,7581,"Labour","Conservative"
"Stockton South","E14000971",24221,952,19175,1366,0,0,5480,"Conservative","Labour"
"Stoke-on-Trent Central","E14000972",7008,1123,12220,1296,0,0,7041,"Labour","UKIP"
"Stoke-on-Trent North","E14000973",10593,1091,15429,1137,0,0,9542,"Labour","Conservative"
"Stoke-on-Trent South","E14000974",12780,1029,15319,1309,0,0,8298,"Labour","Conservative"
"Stone","E14000975",25733,1191,9483,2473,0,0,7620,"Conservative","Labour"
"Stourbridge","E14000976",21195,1021,14501,1538,0,0,7774,"Conservative","Labour"
"Stratford-on-Avon","E14000977",29674,2128,6677,6182,0,0,6798,"Conservative","UKIP"
"Streatham","E14000978",12540,4421,26474,4491,0,0,1602,"Labour","Conservative"
"Stretford & Urmston","E14000979",12916,2187,24601,1362,0,0,5068,"Labour","Conservative"
"Stroud","E14000980",27813,2779,22947,2086,0,0,4848,"Conservative","Labour"
"Suffolk Central & Ipswich North","E14000624",30317,2664,10173,3314,0,0,7459,"Conservative","Labour"
"Suffolk Coastal","E14000981",28855,3294,10013,4777,0,0,8655,"Conservative","Labour"
"Suffolk South","E14000946",27546,2253,10001,4044,0,0,7897,"Conservative","Labour"
"Suffolk West","E14001034",25684,1779,8604,2465,0,0,10700,"Conservative","UKIP"
"Sunderland Central","E14000982",9780,1706,20959,1105,0,0,7997,"Labour","Conservative"
"Surrey East","E14000681",32211,2159,6627,5189,0,0,9553,"Conservative","UKIP"
"Surrey Heath","E14000983",32582,2400,6100,4937,0,0,7778,"Conservative","UKIP"
"Surrey South West","E14000953",34199,3105,5415,3586,0,0,5643,"Conservative","UKIP"
"Sussex Mid","E14000817",32268,2453,7982,6604,0,0,6898,"Conservative","Labour"
"Sutton & Cheam","E14000984",20732,1051,5546,16811,0,0,5341,"Conservative","Liberal Democrat"
"Sutton Coldfield","E14000985",27782,1426,11365,2627,0,0,7489,"Conservative","Labour"
"Swansea East","W07000048",5142,0,17807,1392,3498,0,5779,"Labour","UKIP"
"Swansea West","W07000047",7931,1784,14967,3178,2266,0,4744,"Labour","Conservative"
"Swindon North","E14000851",26295,1723,14509,1704,0,0,8011,"Conservative","Labour"
"Swindon South","E14000947",22777,1757,16992,1817,0,0,5920,"Conservative","Labour"
"Tamworth","E14000986",23606,1110,12304,1427,0,0,8727,"Conservative","Labour"
"Tatton","E14000987",26552,1714,8311,3850,0,0,4871,"Conservative","Labour"
"Taunton Deane","E14000988",27849,2630,5347,12358,0,0,6921,"Conservative","Liberal Democrat"
"Telford","E14000989",16094,930,15364,927,0,0,7330,"Conservative","Labour"
"Tewkesbury","E14000990",30176,2207,8204,7629,0,0,7128,"Conservative","Labour"
"Thanet North","E14000852",23045,1719,8411,1645,0,0,12097,"Conservative","UKIP"
"Thanet South","E14000948",18838,1076,11740,932,0,0,16026,"Conservative","UKIP"
"Thirsk & Malton","E14000993",27545,2404,8089,4703,0,0,7805,"Conservative","Labour"
"Thornbury & Yate","E14000994",19924,1316,3775,18429,0,0,5126,"Conservative","Liberal Democrat"
"Thurrock","E14000995",16692,0,16156,644,0,0,15718,"Conservative","Labour"
"Tiverton & Honiton","E14000996",29013,3415,6835,5626,0,0,8857,"Conservative","UKIP"
"Tonbridge & Malling","E14000997",31887,2366,7604,3660,0,0,8153,"Conservative","UKIP"
"Tooting","E14000998",22421,2201,25263,2107,0,0,1537,"Labour","Conservative"
"Torbay","E14000999",19551,1557,4166,16265,0,0,6540,"Conservative","Liberal Democrat"
"Torfaen","W07000053",8769,746,16938,1271,2169,0,7203,"Labour","Conservative"
"Totnes","E14001001",24941,4845,5988,4667,0,0,6656,"Conservative","UKIP"
"Tottenham","E14001002",5090,3931,28654,1756,0,0,1512,"Labour","Conservative"
"Truro & Falmouth","E14001003",22681,4483,7814,8681,0,0,5967,"Conservative","Liberal Democrat"
"Tunbridge Wells","E14001004",30181,2659,7307,4342,0,0,6481,"Conservative","Labour"
"Twickenham","E14001005",25580,2463,7129,23563,0,0,3069,"Conservative","Liberal Democrat"
"Tynemouth","E14001006",17551,2017,25791,1595,0,0,6541,"Labour","Conservative"
"Tyneside North","E14000853",8997,1442,26191,2075,0,0,7618,"Labour","Conservative"
"Uxbridge & Ruislip South","E14001007",22511,1414,11816,2215,0,0,6346,"Conservative","Labour"
"Vale of Clwyd","W07000060",13760,0,13523,915,2486,0,4577,"Conservative","Labour"
"Vale of Glamorgan","W07000078",23607,1054,16727,1309,2869,0,5489,"Conservative","Labour"
"Vauxhall","E14001008",13070,3658,25778,3312,0,0,1385,"Labour","Conservative"
"Wakefield","E14001009",14688,1069,17301,1483,0,0,7862,"Labour","Conservative"
"Wallasey","E14001010",9828,1288,26176,1011,0,0,5063,"Labour","Conservative"
"Walsall North","E14001011",12455,529,14392,840,0,0,8122,"Labour","Conservative"
"Walsall South","E14001012",13733,1149,19740,676,0,0,6540,"Labour","Conservative"
"Walthamstow","E14001013",5584,2661,28779,1661,0,0,2507,"Labour","Conservative"
"Wansbeck","E14001014",8386,1454,19267,2407,0,0,7014,"Labour","Conservative"
"Wantage","E14001015",31092,2986,9343,7611,0,0,7288,"Conservative","Labour"
"Warley","E14001016",7310,1465,22012,805,0,0,6237,"Labour","Conservative"
"Warrington North","E14001017",12797,1264,21720,1881,0,0,7757,"Labour","Conservative"
"Warrington South","E14001018",25928,1765,23178,3335,0,0,4909,"Conservative","Labour"
"Warwick & Leamington","E14001019",24249,1994,17643,2512,0,0,4183,"Conservative","Labour"
"Warwickshire North","E14000854",20042,894,17069,978,0,0,8256,"Conservative","Labour"
"Washington & Sunderland West","E14001020",7033,1091,20478,993,0,0,7321,"Labour","UKIP"
"Watford","E14001021",24400,1332,14606,10152,0,0,5481,"Conservative","Labour"
"Waveney","E14001022",22104,1761,19696,1055,0,0,7580,"Conservative","Labour"
"Wealden","E14001023",32508,3623,6165,5180,0,0,9541,"Conservative","UKIP"
"Weaver Vale","E14001024",20227,1183,19421,1395,0,0,4547,"Conservative","Labour"
"Wellingborough","E14001025",26265,2218,9839,2240,0,0,9868,"Conservative","UKIP"
"Wells","E14001026",26247,2331,3780,18662,0,0,5644,"Conservative","Liberal Democrat"
"Welwyn Hatfield","E14001027",25281,1742,13128,3140,0,0,6556,"Conservative","Labour"
"Wentworth & Dearne","E14001028",6441,0,24571,1135,0,0,10733,"Labour","UKIP"
"West Bromwich East","E14001029",9347,628,18817,751,0,0,7949,"Labour","Conservative"
"West Bromwich West","E14001030",8365,697,16578,550,0,0,8836,"Labour","UKIP"
"West Ham","E14001032",8146,2651,36132,1430,0,0,3950,"Labour","Conservative"
"Westminster North","E14001036",16527,1322,18504,1457,0,0,1489,"Labour","Conservative"
"Westmorland & Lonsdale","E14001037",16245,1798,2661,25194,0,0,3031,"Liberal Democrat","Conservative"
"Weston-Super-Mare","E14001038",25203,2592,9594,5486,0,0,9366,"Conservative","Labour"
"Wigan","E14001039",9389,1273,23625,1255,0,0,8818,"Labour","Conservative"
"Wiltshire North","E14000860",28938,2350,4930,7892,0,0,5813,"Conservative","Liberal Democrat"
"Wiltshire South West","E14000954",27198,2985,6948,5482,0,0,9030,"Conservative","UKIP"
"Wimbledon","E14001040",25225,1986,12606,6129,0,0,2476,"Conservative","Labour"
"Winchester","E14001041",30425,2645,4613,13511,0,0,4122,"Conservative","Liberal Democrat"
"Windsor","E14001042",31797,1834,6714,4323,0,0,4992,"Conservative","Labour"
"Wirral South","E14001043",15566,895,20165,1474,0,0,3737,"Labour","Conservative"
"Wirral West","E14001044",18481,0,18898,1433,0,0,2772,"Labour","Conservative"
"Witham","E14001045",27123,2038,7467,2891,0,0,7569,"Conservative","UKIP"
"Witney","E14001046",35201,2970,10046,3953,0,0,5352,"Conservative","Labour"
"Woking","E14001047",29199,2109,8389,6047,0,0,5873,"Conservative","Labour"
"Wokingham","E14001048",32325,2092,8132,7572,0,0,5516,"Conservative","Labour"
"Wolverhampton North East","E14001049",10174,701,15669,935,0,0,6524,"Labour","Conservative"
"Wolverhampton South East","E14001050",7764,605,18531,798,0,0,7061,"Labour","Conservative"
"Wolverhampton South West","E14001051",16573,1058,17374,845,0,0,4310,"Labour","Conservative"
"Worcester","E14001052",22534,2024,16888,1677,0,0,6378,"Conservative","Labour"
"Worcestershire Mid","E14000818",29763,1933,7548,3750,0,0,9231,"Conservative","UKIP"
"Worcestershire West","E14001035",30342,3505,7244,5245,0,0,7764,"Conservative","UKIP"
"Workington","E14001053",11596,1149,16282,1708,0,0,7538,"Labour","Conservative"
"Worsley & Eccles South","E14001054",12654,1242,18600,1100,0,0,7688,"Labour","Conservative"
"Worthing East & Shoreham","E14000682",24686,2605,9737,3360,0,0,8267,"Conservative","Labour"
"Worthing West","E14001055",26124,2938,7955,4477,0,0,9269,"Conservative","UKIP"
"Wrekin, The","E14000992",22579,1443,11836,1959,0,0,7620,"Conservative","Labour"
"Wrexham","W07000044",10350,669,12181,1735,2501,0,5072,"Labour","Conservative"
"Wycombe","E14001056",26444,3086,11588,4546,0,0,5198,"Conservative","Labour"
"Wyre Forest","E14001058",22394,1117,9523,1228,0,0,7967,"Conservative","Labour"
"Wyre & Preston North","E14001057",26528,1699,12377,2712,0,0,6577,"Conservative","Labour"
"Wythenshawe & Sale East","E14001059",11124,1658,21693,1927,0,0,6354,"Labour","Conservative"
"Yeovil","E14001060",24178,2191,4053,18865,0,0,7646,"Conservative","Liberal Democrat"
"Ynys Mon","W07000041",7393,0,10871,751,10642,0,5121,"Labour","Plaid Cymru"
"York Central","E14001061",13496,4791,20212,3804,0,0,4795,"Labour","Conservative"
"York Outer","E14001062",26447,2558,13348,6269,0,0,5251,"Conservative","Labour"
"Yorkshire East","E14000683",25276,1731,10343,2966,0,0,8955,"Conservative","Labour"
